Municipio;2024/Jan;2024/Fev;2024/Mar;2024/Abr;2024/Mai;2024/Jun;2024/Jul;2024/Ago;2024/Set;2024/Out
110002 ARIQUEMES;5;5;5;5;5;5;5;5;5;5
110004 CACOAL;5;5;5;5;5;5;5;5;5;5
110007 CORUMBIARA;-;-;-;-;-;-;-;-;-;4
110008 COSTA MARQUES;2;2;2;2;1;1;1;1;1;1
110015 OURO PRETO DO OESTE;3;3;3;3;3;3;3;3;3;3
110020 PORTO VELHO;28;28;28;28;28;28;28;28;28;28
110028 ROLIM DE MOURA;7;7;7;7;7;7;7;7;7;7
110030 VILHENA;1;1;1;1;1;1;1;1;1;1
110037 ALTO ALEGRE DOS PARECIS;4;4;4;4;4;4;4;4;4;4
110040 ALTO PARAISO;1;1;1;1;1;1;1;1;1;1
110045 BURITIS;3;3;3;3;3;3;3;3;3;3
110050 NOVO HORIZONTE DO OESTE;5;5;5;5;5;5;5;5;5;5
110070 CAMPO NOVO DE RONDONIA;4;4;4;4;4;4;4;4;4;4
110080 CANDEIAS DO JAMARI;5;5;5;5;5;5;5;5;5;5
110092 CHUPINGUAIA;2;2;2;2;2;2;2;2;2;-
110120 MINISTRO ANDREAZZA;2;2;2;2;2;2;2;2;2;2
110130 MIRANTE DA SERRA;1;1;1;1;1;1;1;1;1;1
110143 NOVA UNIAO;1;1;1;1;1;1;1;1;1;1
110145 PARECIS;2;2;2;2;2;2;2;2;2;2
110148 SAO FELIPE D'OESTE;2;2;2;2;2;2;2;2;2;2
110150 SERINGUEIRAS;1;1;1;1;1;1;1;1;1;1
120010 BRASILEIA;6;6;6;6;6;6;6;6;6;6
120033 MANCIO LIMA;3;3;3;3;3;3;3;3;3;3
120040 RIO BRANCO;31;31;31;31;31;31;31;31;31;31
120070 XAPURI;3;3;3;3;3;3;3;3;3;3
130063 BERURI;3;3;3;3;3;3;3;3;3;3
130130 CODAJAS;2;2;2;2;2;2;2;2;2;2
130180 IPIXUNA;3;3;3;3;3;3;3;3;3;3
130185 IRANDUBA;-;-;-;-;-;-;-;1;1;1
130190 ITACOATIARA;6;6;6;6;6;6;6;6;6;6
130230 JUTAI;2;2;2;2;2;2;2;2;2;2
130260 MANAUS;11;11;11;11;11;11;16;16;16;16
130330 NOVO ARIPUANA;1;1;1;1;1;1;1;1;1;1
130350 PAUINI;2;2;2;2;2;2;2;2;2;2
130356 RIO PRETO DA EVA;2;2;2;2;2;2;2;2;2;2
130380 SAO GABRIEL DA CACHOEIRA;9;9;9;9;9;4;4;4;4;4
130400 SILVES;4;4;4;4;4;4;4;4;4;4
130410 TAPAUA;4;4;4;4;4;4;4;4;4;4
130420 TEFE;3;3;3;3;3;3;3;3;3;3
140010 BOA VISTA;8;8;8;8;8;8;8;8;8;8
140023 CAROEBE;2;2;2;2;2;2;2;2;2;2
150010 ABAETETUBA;1;1;1;1;1;1;1;1;1;1
150080 ANANINDEUA;5;5;5;5;5;5;5;5;5;5
150120 BAIAO;1;1;1;1;1;1;1;1;1;1
150130 BARCARENA;1;1;1;1;1;1;1;1;1;1
150140 BELEM;45;45;45;45;45;45;45;45;45;45
150150 BENEVIDES;4;4;4;4;4;4;4;4;4;4
150170 BRAGANCA;2;2;2;2;2;2;2;2;2;2
150210 CAMETA;3;3;3;3;3;3;3;3;3;3
150230 CAPITAO POCO;2;2;2;2;2;2;2;2;2;2
150240 CASTANHAL;9;9;9;9;9;9;9;9;9;9
150276 CUMARU DO NORTE;3;3;3;3;3;3;3;3;3;3
150304 FLORESTA DO ARAGUAIA;1;1;1;1;1;1;1;1;1;1
150307 GARRAFAO DO NORTE;3;3;3;3;3;3;3;3;3;3
150345 IPIXUNA DO PARA;3;3;3;3;3;3;3;3;3;3
150350 IRITUIA;3;3;3;3;3;3;3;3;3;3
150360 ITAITUBA;1;1;1;1;1;1;1;1;1;1
150370 ITUPIRANGA;4;4;4;4;4;4;4;4;4;4
150380 JACUNDA;2;2;2;2;2;2;2;2;2;2
150405 MAE DO RIO;2;2;2;2;2;2;2;2;2;2
150420 MARABA;2;2;2;2;2;2;2;2;2;2
150442 MARITUBA;4;4;4;4;4;4;4;4;4;4
150445 MEDICILANDIA;1;1;1;1;1;1;1;1;1;1
150500 NOVA TIMBOTEUA;2;2;2;2;2;2;2;2;2;2
150503 NOVO PROGRESSO;1;1;1;1;1;1;1;1;-;-
150543 OURILANDIA DO NORTE;1;1;10;10;10;10;10;10;10;10
150550 PARAGOMINAS;3;3;3;3;3;3;3;3;3;3
150553 PARAUAPEBAS;11;11;11;11;11;11;12;12;12;12
150563 PICARRA;1;1;1;1;1;1;1;1;1;1
150570 PONTA DE PEDRAS;4;4;4;4;4;4;4;4;4;4
150613 REDENCAO;6;6;6;6;6;6;6;6;6;6
150650 SANTA IZABEL DO PARA;2;2;2;2;-;-;-;-;-;-
150655 SANTA LUZIA DO PARA;3;3;3;3;3;3;3;3;3;3
150680 SANTAREM;6;6;6;3;3;3;3;3;3;3
150730 SAO FELIX DO XINGU;5;5;5;5;5;5;5;5;5;5
150746 SAO JOAO DA PONTA;2;2;2;2;2;2;2;2;2;2
150800 TOME-ACU;2;2;2;2;2;2;2;2;2;2
150808 TUCUMA;12;12;12;12;17;17;17;17;17;17
150812 ULIANOPOLIS;3;3;3;3;3;3;3;3;3;3
150840 XINGUARA;5;5;5;5;5;5;5;5;5;5
160015 PEDRA BRANCA DO AMAPARI;3;3;3;3;3;3;3;3;3;3
160020 CALCOENE;5;5;5;5;5;5;5;5;5;5
160025 ITAUBAL;4;4;4;4;4;4;4;4;4;4
160030 MACAPA;4;4;4;4;4;4;4;4;4;4
160040 MAZAGAO;1;1;1;1;1;1;1;1;1;1
160050 OIAPOQUE;2;2;2;2;2;2;2;2;2;2
160053 PORTO GRANDE;4;4;4;4;4;4;4;4;4;4
160060 SANTANA;2;2;2;2;2;2;2;2;2;2
170035 ALIANCA DO TOCANTINS;8;8;8;8;8;8;-;-;-;-
170190 ARAGUACEMA;3;3;3;3;3;3;3;3;3;3
170310 BARROLANDIA;1;1;1;1;1;1;1;1;1;1
170360 BRASILANDIA DO TOCANTINS;3;3;3;3;3;3;3;3;3;3
170770 FILADELFIA;3;3;3;3;3;3;3;3;3;3
170930 GUARAI;4;4;4;4;4;4;4;4;4;4
170950 GURUPI;12;12;12;12;12;12;12;12;12;12
171050 ITACAJA;3;3;3;3;3;3;3;3;3;3
171360 MONTE DO CARMO;2;2;2;2;2;2;2;2;2;2
171890 SANTA ROSA DO TOCANTINS;2;2;2;2;2;2;2;2;2;2
172065 SILVANOPOLIS;3;3;3;3;3;3;3;3;3;3
172100 PALMAS;2;2;2;2;2;2;2;2;2;2
172110 TOCANTINIA;2;2;2;2;2;2;2;2;2;2
210005 ACAILANDIA;7;7;7;7;7;7;7;7;7;7
210050 ALTO PARNAIBA;5;5;5;5;5;5;5;5;5;5
210095 ARAME;10;10;10;10;10;10;10;10;10;10
210110 AXIXA;6;6;6;6;6;6;6;6;6;6
210120 BACABAL;20;20;20;20;20;20;20;20;20;20
210125 BACABEIRA;2;2;2;2;2;2;2;2;2;2
210140 BALSAS;2;2;2;2;2;2;2;2;2;2
210160 BARRA DO CORDA;20;20;20;20;20;20;20;20;20;20
210232 BURITICUPU;1;1;1;1;1;1;1;1;1;1
210240 CAJAPIO;1;1;1;1;1;1;1;1;1;1
210260 CANDIDO MENDES;2;2;2;2;2;2;2;2;2;2
210300 CAXIAS;6;6;6;6;6;6;6;6;6;6
210325 CIDELANDIA;-;1;1;1;1;1;1;1;1;1
210350 COLINAS;7;7;7;7;7;7;7;7;7;7
210407 FEIRA NOVA DO MARANHAO;5;5;5;5;5;5;5;5;5;5
210420 FORTUNA;4;4;4;4;4;4;4;4;4;4
210480 GRAJAU;27;27;27;27;27;27;27;27;27;27
210530 IMPERATRIZ;9;9;9;9;9;9;9;9;9;9
210570 LAGO DA PEDRA;1;1;1;1;1;1;1;1;1;1
210600 LIMA CAMPOS;1;1;1;1;1;1;1;1;1;1
210610 LORETO;1;1;1;1;1;1;1;1;1;1
210745 OLINDA NOVA DO MARANHAO;2;2;2;2;2;2;2;2;2;2
210780 PARNARAMA;1;1;1;1;1;1;1;1;1;1
210860 PINHEIRO;6;6;6;6;6;6;6;6;6;6
210905 PORTO RICO DO MARANHAO;3;3;3;3;3;3;3;3;3;3
210923 PRESIDENTE MEDICI;1;1;1;1;1;1;1;1;1;1
211040 SAO BENEDITO DO RIO PRETO;3;3;3;3;3;3;3;3;3;3
211102 SAO JOAO DO CARU;2;2;2;2;2;2;2;2;2;2
211130 SAO LUIS;24;24;24;24;24;20;26;26;26;26
211260 URBANO SANTOS;6;6;6;6;6;6;6;6;6;6
211285 VILA NOVA DOS MARTIRIOS;1;1;1;1;1;1;1;1;1;1
220190 BOM JESUS;-;-;-;-;-;-;-;-;1;1
220194 BOQUEIRAO DO PIAUI;1;1;1;1;1;1;1;1;1;1
220220 CAMPO MAIOR;2;2;2;2;2;2;2;2;2;2
220280 CONCEICAO DO CANINDE;2;2;2;2;2;2;2;2;2;2
220400 FRANCINOPOLIS;3;3;3;3;3;3;3;3;3;3
220530 JERUMENHA;1;1;1;1;1;1;1;1;1;1
220770 PARNAIBA;2;2;2;2;2;2;2;2;2;2
220800 PICOS;4;4;4;4;4;4;4;4;4;4
220860 PRATA DO PIAUI;4;4;4;4;4;4;4;4;4;4
220997 SAO JOAO DO ARRAIAL;2;2;2;2;2;2;2;2;2;2
221060 SAO RAIMUNDO NONATO;10;10;10;10;10;10;10;10;10;10
221080 SIMPLICIO MENDES;5;5;5;5;5;5;5;5;5;5
221100 TERESINA;7;7;7;7;7;7;9;9;9;9
230040 AIUABA;8;8;8;8;8;8;8;8;8;8
230070 ALTO SANTO;5;5;5;5;5;5;5;5;5;5
230140 ARATUBA;2;2;2;2;2;2;2;2;2;2
230170 AURORA;6;6;6;6;6;6;6;6;6;6
230190 BARBALHA;4;4;4;4;4;4;4;4;12;12
230195 BARREIRA;4;4;4;4;4;4;4;4;4;4
230200 BARRO;1;1;1;1;1;1;1;1;1;1
230205 BARROQUINHA;4;4;4;4;4;4;4;4;4;4
230220 BEBERIBE;2;2;2;2;2;2;2;2;2;2
230250 BREJO SANTO;2;2;2;2;2;2;2;2;2;2
230280 CANINDE;1;1;1;1;1;1;1;1;1;1
230370 CAUCAIA;2;2;2;2;2;2;2;2;2;2
230390 CHAVAL;2;2;2;2;2;2;2;2;2;2
230393 CHORO;2;2;2;2;2;2;2;2;2;2
230410 CRATEUS;3;3;3;3;3;3;3;3;3;3
230420 CRATO;1;1;1;1;1;1;1;1;1;1
230440 FORTALEZA;78;66;66;66;61;61;61;61;61;61
230460 GENERAL SAMPAIO;3;3;3;3;3;3;3;3;3;3
230480 GRANJEIRO;5;5;5;5;5;5;5;5;5;5
230523 HORIZONTE;5;5;5;5;5;5;5;5;5;5
230550 IGUATU;2;2;2;2;2;2;2;2;2;2
230660 ITATIRA;3;3;3;3;3;3;3;3;3;3
230725 JIJOCA DE JERICOACOARA;4;4;4;4;4;4;4;4;4;4
230730 JUAZEIRO DO NORTE;24;24;24;24;24;24;24;24;24;24
230740 JUCAS;3;3;3;3;3;3;3;3;3;3
230750 LAVRAS DA MANGABEIRA;2;2;2;2;2;2;2;2;2;2
230765 MARACANAU;4;4;4;4;4;4;4;4;4;4
230770 MARANGUAPE;5;5;5;5;5;5;5;5;5;5
230800 MASSAPE;2;2;2;2;2;2;2;2;2;2
230840 MISSAO VELHA;1;1;1;1;1;1;1;1;1;1
230900 MUCAMBO;2;2;2;2;2;2;2;2;2;2
230960 PACAJUS;3;3;3;3;3;3;3;3;3;3
231020 PARACURU;5;5;5;5;5;5;5;5;5;5
231030 PARAMBU;6;6;6;6;6;6;6;6;6;6
231040 PARAMOTI;3;3;3;3;3;3;3;3;3;3
231060 PENAFORTE;4;4;4;4;4;4;4;4;4;4
231070 PENTECOSTE;2;2;2;2;2;2;2;2;2;2
231090 PIQUET CARNEIRO;2;2;2;2;2;2;2;2;2;2
231120 POTENGI;3;3;3;3;3;3;3;3;3;3
231140 QUIXERAMOBIM;5;5;5;5;5;5;5;5;5;5
231180 RUSSAS;1;1;1;1;1;1;1;1;1;1
231195 SALITRE;4;4;4;4;4;4;4;4;4;4
231230 SAO BENEDITO;4;4;4;4;4;4;4;4;4;4
231280 SENADOR SA;2;2;2;2;2;2;2;2;2;2
231300 SOLONOPOLE;4;4;4;4;4;4;4;4;4;4
231310 TABULEIRO DO NORTE;1;1;1;1;1;1;1;1;1;1
231330 TAUA;5;5;5;5;5;5;5;5;5;5
231350 TRAIRI;3;3;3;3;3;3;3;3;3;3
231360 UBAJARA;4;4;4;4;4;4;4;4;4;4
231390 URUOCA;1;1;1;1;1;1;1;1;1;1
231400 VARZEA ALEGRE;6;6;6;6;6;6;6;6;6;6
240030 AFONSO BEZERRA;2;2;2;2;2;2;2;2;2;2
240145 BARAUNA;5;5;5;5;5;5;5;5;5;5
240160 BENTO FERNANDES;5;5;5;5;5;5;5;5;5;5
240165 BODO;8;8;8;8;8;8;8;8;8;8
240170 BOM JESUS;1;1;1;1;1;1;1;1;1;1
240185 CAICARA DO NORTE;2;2;2;2;2;2;2;2;2;2
240200 CAICO;2;2;2;2;2;2;2;2;2;2
240230 CARAUBAS;1;1;1;1;1;1;1;1;1;1
240240 CARNAUBA DOS DANTAS;5;5;5;5;5;5;5;5;5;5
240310 CURRAIS NOVOS;3;3;3;3;3;3;3;3;3;3
240400 FRUTUOSO GOMES;1;1;1;1;1;1;1;1;1;1
240420 GOIANINHA;6;6;6;6;6;6;6;6;6;6
240520 JANDUIS;3;3;3;3;3;3;3;3;3;3
240530 JANUARIO CICCO;2;2;2;2;2;2;2;2;2;2
240570 JARDIM DO SERIDO;6;6;6;6;6;6;6;6;6;6
240590 JOAO DIAS;2;2;2;2;2;2;2;2;2;2
240630 LAGOA DE PEDRAS;4;4;4;4;4;4;4;4;4;4
240670 LAJES;5;5;5;5;5;5;5;5;5;5
240710 MACAIBA;2;2;2;2;2;2;2;2;2;2
240720 MACAU;1;1;1;1;1;1;1;1;1;1
240810 NATAL;13;13;13;13;13;13;13;13;13;13
240880 PARAZINHO;3;3;3;3;3;3;3;3;3;3
240910 PASSA E FICA;2;2;2;2;2;2;6;6;6;6
240950 PEDRA GRANDE;-;-;-;-;-;-;-;-;2;-
240980 PEDRO VELHO;3;3;3;3;3;3;3;3;3;3
241000 PILOES;3;3;3;3;3;3;3;3;3;3
241060 RAFAEL GODEIRO;2;2;2;2;2;2;2;2;2;2
241080 RIACHO DE SANTANA;1;1;1;1;1;1;1;1;1;1
241105 TIBAU;1;1;1;1;1;1;1;1;1;1
241220 SAO JOSE DE MIPIBU;2;2;2;2;2;2;2;2;2;2
241240 SAO JOSE DO SERIDO;3;3;3;3;3;3;3;3;3;3
241300 SAO VICENTE;1;1;1;1;1;1;1;1;1;1
241410 TENENTE ANANIAS;1;1;1;1;1;1;1;1;1;1
241460 UPANEMA;3;3;3;3;3;3;3;3;3;3
250010 AGUA BRANCA;1;1;1;1;1;1;1;1;1;1
250040 ALAGOA NOVA;13;13;13;13;13;13;13;13;13;13
250070 SAO JOAO DO RIO DO PEIXE;3;3;3;3;3;3;3;3;3;3
250153 BARAUNA;4;4;4;4;4;4;4;4;4;4
250180 BAYEUX;11;11;11;11;11;11;11;11;11;11
250205 BERNARDINO BATISTA;2;2;2;2;2;2;2;2;2;2
250260 IGARACY;2;2;2;2;2;2;2;2;2;2
250300 CAAPORA;3;3;3;3;3;3;3;3;3;3
250350 CACIMBA DE DENTRO;1;1;1;1;1;1;1;1;1;1
250370 CAJAZEIRAS;-;1;1;1;1;1;1;1;1;1
250400 CAMPINA GRANDE;33;33;33;33;33;33;33;33;34;34
250440 CONCEICAO;1;1;1;1;1;1;1;1;1;1
250470 CONGO;1;1;1;1;1;1;1;1;1;1
250480 COREMAS;2;2;2;2;2;2;2;2;2;2
250570 DONA INES;1;1;1;1;1;1;1;1;1;1
250625 GADO BRAVO;1;1;1;1;1;1;1;1;1;1
250630 GUARABIRA;3;3;3;3;3;2;2;2;2;2
250750 JOAO PESSOA;29;29;29;29;29;29;29;29;29;29
250760 JUAREZ TAVORA;3;3;3;3;3;3;3;3;3;3
250790 JURIPIRANGA;4;4;4;4;4;4;4;4;4;4
250840 LASTRO;2;2;2;2;2;2;2;2;2;2
250910 MARI;2;2;2;2;2;2;2;2;2;1
250920 MASSARANDUBA;1;1;1;1;1;1;1;1;1;1
250930 MATARACA;2;2;2;2;2;2;2;2;2;2
251130 PIANCO;1;1;1;1;1;1;1;1;1;1
251203 POCO DANTAS;2;2;2;2;2;2;2;2;2;2
251210 POMBAL;2;2;2;2;2;2;2;2;2;2
251275 RIACHAO DO BACAMARTE;2;2;2;2;2;2;2;2;2;2
251320 SANTA CRUZ;5;5;5;5;5;-;-;-;-;-
251335 SANTA INES;1;1;1;1;1;1;1;1;1;1
251340 SANTA LUZIA;1;1;1;1;1;1;1;1;1;1
251365 JOCA CLAUDINO;2;2;2;2;2;2;2;2;2;2
251370 SANTA RITA;5;5;5;5;5;13;13;13;13;13
251410 SAO JOAO DO TIGRE;1;1;1;1;1;1;1;1;1;1
251450 SAO JOSE DE PIRANHAS;2;2;2;2;2;2;2;2;2;2
251460 SAO JOSE DO BONFIM;6;6;6;6;6;6;6;6;6;6
251570 SERRA GRANDE;4;4;4;4;4;4;4;4;4;4
251590 SERRARIA;2;2;2;2;2;2;2;2;2;2
251620 SOUSA;8;8;8;8;8;8;8;8;8;8
251670 TEIXEIRA;5;5;5;5;5;5;5;5;5;5
251740 ZABELE;2;2;2;2;2;2;2;2;2;2
260005 ABREU E LIMA;8;8;8;8;8;8;8;8;8;8
260020 AFRANIO;5;5;5;5;5;5;5;5;5;5
260040 AGUA PRETA;3;3;3;3;3;3;3;3;3;3
260110 ARARIPINA;2;2;2;2;2;2;2;2;2;2
260120 ARCOVERDE;1;1;1;1;1;1;1;1;1;1
260170 BELO JARDIM;3;3;3;3;3;3;3;3;3;3
260180 BETANIA;1;1;1;1;1;1;1;1;1;1
260260 BREJO DA MADRE DE DEUS;3;3;3;3;3;3;3;3;3;3
260270 BUENOS AIRES;1;1;1;1;1;1;1;1;1;1
260360 CAMUTANGA;2;2;2;2;2;2;2;2;2;2
260400 CARPINA;7;7;7;7;7;7;7;7;7;7
260410 CARUARU;3;3;3;3;3;3;3;3;3;3
260520 ESCADA;3;3;3;3;3;3;3;3;3;3
260530 EXU;1;1;1;1;1;1;1;1;1;1
260790 JABOATAO DOS GUARARAPES;14;14;14;14;14;14;14;14;14;14
260795 JAQUEIRA;2;2;2;2;2;2;2;2;2;2
260820 JOAQUIM NABUCO;2;2;2;2;2;2;2;2;2;2
260960 OLINDA;5;5;5;5;5;5;5;5;5;5
260970 OROBO;2;2;2;2;2;2;2;2;2;2
261000 PALMARES;1;1;1;1;1;1;1;1;1;1
261020 PANELAS;2;2;2;2;2;2;2;2;2;2
261110 PETROLINA;13;13;13;13;13;13;13;13;13;13
261120 POCAO;1;1;1;1;1;1;1;1;1;1
261153 QUIXABA;4;4;4;4;4;4;4;4;4;4
261160 RECIFE;7;7;7;7;7;7;9;9;9;9
261190 RIO FORMOSO;5;5;5;5;5;5;5;5;5;5
261247 SANTA CRUZ DA BAIXA VERDE;3;3;3;3;3;3;3;3;3;3
261290 SAO BENEDITO DO SUL;5;5;5;5;5;5;5;5;5;5
261330 SAO JOAQUIM DO MONTE;1;1;1;1;1;1;1;1;1;1
261390 SERRA TALHADA;1;1;1;1;1;1;1;1;1;1
261430 MOREILANDIA;4;4;4;4;4;4;4;4;4;4
261450 SURUBIM;8;8;8;8;8;8;8;8;8;8
261460 TABIRA;5;5;5;5;5;5;5;5;5;5
261480 TACARATU;10;10;10;10;10;10;10;10;10;10
261530 TIMBAUBA;5;5;5;5;5;5;5;5;5;5
270030 ARAPIRACA;12;12;12;12;12;12;12;12;12;12
270210 COLONIA LEOPOLDINA;7;7;7;7;7;7;7;7;7;7
270430 MACEIO;23;23;23;23;23;23;23;23;23;23
270450 MARAGOGI;2;2;2;3;3;3;3;3;3;3
270460 MARAVILHA;1;1;1;1;1;1;1;1;1;1
270650 PASSO DE CAMARAGIBE;4;4;4;4;4;4;4;4;4;4
270680 PIACABUCU;6;6;6;6;6;6;6;6;6;6
270770 RIO LARGO;1;1;1;1;1;1;1;1;1;1
270800 SANTANA DO IPANEMA;3;3;3;3;3;3;3;3;3;3
280030 ARACAJU;12;12;12;12;12;12;12;12;12;12
280050 AREIA BRANCA;2;2;2;2;2;2;2;2;2;2
280150 CARMOPOLIS;6;6;6;6;6;6;6;6;6;6
280290 ITABAIANA;3;3;3;3;3;3;3;3;3;3
280300 ITABAIANINHA;4;4;4;4;4;4;4;4;4;4
280350 LAGARTO;3;3;3;3;3;3;3;3;3;3
280440 NEOPOLIS;5;5;5;5;5;5;5;5;5;5
280460 NOSSA SENHORA DAS DORES;3;3;3;3;3;3;3;3;3;3
280580 RIACHAO DO DANTAS;6;6;6;6;6;6;6;6;6;6
280650 SANTA ROSA DE LIMA;1;1;1;1;1;1;1;1;1;1
280670 SAO CRISTOVAO;3;3;3;3;3;3;3;3;3;3
290040 AGUA FRIA;1;1;1;1;1;1;1;1;1;1
290050 ERICO CARDOSO;2;2;2;2;2;2;2;2;2;2
290070 ALAGOINHAS;1;1;1;1;1;1;1;1;1;1
290080 ALCOBACA;1;1;1;1;1;1;1;1;1;1
290140 ANGICAL;2;2;2;2;2;2;2;2;2;2
290160 ANTAS;2;2;2;2;2;2;2;2;2;2
290240 AURELINO LEAL;3;3;3;3;3;3;3;3;3;3
290320 BARREIRAS;5;5;5;5;5;5;5;5;5;5
290330 BARRO PRETO;1;1;1;1;1;1;1;1;1;1
290430 BREJOES;3;3;3;3;3;3;3;3;3;3
290450 BROTAS DE MACAUBAS;4;4;4;4;4;4;4;4;4;4
290460 BRUMADO;6;6;6;6;6;6;6;6;6;6
290485 CABACEIRAS DO PARAGUACU;1;1;1;1;1;1;1;1;1;1
290515 CAETANOS;3;3;3;3;3;3;3;3;3;3
290580 CAMAMU;1;1;1;1;1;1;1;1;1;1
290687 CAPIM GROSSO;3;3;3;3;3;3;3;3;3;3
290720 CASA NOVA;2;2;2;2;2;2;2;2;2;2
290730 CASTRO ALVES;2;2;2;2;2;2;2;2;2;2
290750 CATU;6;6;6;6;6;6;6;6;6;6
290755 CATURAMA;2;2;2;2;2;2;2;2;2;2
290770 CHORROCHO;3;3;3;3;3;3;3;3;3;3
290840 CONCEICAO DO COITE;3;3;3;3;3;3;3;3;3;3
290990 CURACA;3;3;3;3;3;3;3;3;3;3
291030 ELISIO MEDRADO;4;4;4;4;4;4;4;4;4;4
291072 EUNAPOLIS;10;10;10;10;10;10;10;10;10;10
291080 FEIRA DE SANTANA;27;27;28;28;28;28;28;28;28;28
291085 FILADELFIA;3;3;3;3;3;3;3;3;3;3
291180 GUARATINGA;3;3;3;3;3;3;3;3;3;3
291250 IBIPITANGA;1;1;1;1;1;1;1;1;1;1
291280 IBIRAPUA;3;3;3;3;3;3;3;3;3;3
291360 ILHEUS;20;20;20;20;20;20;20;20;20;20
291380 IPECAETA;4;4;4;4;4;4;4;4;4;4
291480 ITABUNA;8;8;8;8;8;8;8;8;8;8
291490 ITACARE;6;4;4;4;4;4;4;4;4;4
291560 ITAMARAJU;2;2;2;2;2;2;2;2;2;2
291580 ITAMBE;1;1;1;1;1;1;1;1;1;1
291600 ITANHEM;3;3;3;3;3;3;3;3;3;3
291640 ITAPETINGA;9;9;9;9;9;9;9;9;9;9
291770 JAGUARARI;2;2;2;2;2;2;2;2;2;2
291840 JUAZEIRO;5;5;5;5;5;5;5;5;5;5
291870 LAFAIETE COUTINHO;4;4;4;4;4;4;4;4;4;4
291875 LAGOA REAL;4;4;4;4;4;4;4;4;4;4
291920 LAURO DE FREITAS;6;6;6;6;6;6;6;6;5;5
291955 LUIS EDUARDO MAGALHAES;6;6;6;6;6;6;6;6;6;6
292060 MARAGOGIPE;5;5;5;5;5;5;5;5;5;5
292100 MATA DE SAO JOAO;2;2;2;2;2;2;2;2;2;2
292160 MORPARA;2;2;2;2;2;2;-;-;-;-
292200 MUCURI;3;3;3;3;3;3;3;3;3;3
292220 MUNIZ FERREIRA;1;1;1;1;1;1;1;1;1;1
292230 MURITIBA;1;1;1;1;1;1;1;1;1;1
292250 NAZARE;2;2;2;2;2;2;2;2;2;2
292260 NILO PECANHA;2;2;2;2;2;2;2;2;2;2
292270 NOVA CANAA;1;1;1;1;1;1;1;1;1;1
292280 NOVA ITARANA;4;4;4;4;4;-;-;-;-;-
292300 NOVA VICOSA;4;4;4;4;4;4;4;4;4;4
292320 OLIVEIRA DOS BREJINHOS;2;2;2;2;2;2;2;2;2;2
292370 PARATINGA;1;1;1;1;1;1;1;1;1;1
292380 PARIPIRANGA;6;6;6;6;6;6;6;6;6;6
292400 PAULO AFONSO;3;3;3;3;3;3;3;3;3;3
292405 PE DE SERRA;2;2;2;2;2;2;2;2;2;2
292420 PEDRO ALEXANDRE;1;1;1;1;1;1;1;1;1;1
292465 PINTADAS;1;1;1;1;1;1;1;1;1;1
292520 POJUCA;6;6;6;6;6;6;6;6;6;6
292550 PRADO;1;1;1;1;1;1;1;1;1;1
292580 QUEIMADAS;4;4;4;4;4;4;4;4;4;4
292620 RIACHAO DAS NEVES;9;9;9;9;9;9;9;9;9;9
292710 RODELAS;4;4;4;4;4;4;4;4;4;4
292740 SALVADOR;18;18;18;18;18;18;18;18;18;18
292850 SANTA TERESINHA;1;1;1;1;1;1;1;1;1;1
292870 SANTO ANTONIO DE JESUS;5;5;5;5;5;5;5;5;5;5
292880 SANTO ESTEVAO;1;1;1;1;1;1;1;1;1;1
292895 SAO DOMINGOS;5;5;5;5;5;5;5;5;5;5
292905 SAO FELIX DO CORIBE;4;4;4;4;4;4;4;4;4;4
292920 SAO FRANCISCO DO CONDE;5;5;5;5;5;5;5;5;5;5
293010 SENHOR DO BONFIM;9;9;9;9;9;9;9;9;9;9
293050 SERRINHA;2;2;2;2;2;2;2;2;2;2
293077 SOBRADINHO;1;1;1;1;1;1;1;1;1;1
293130 TAPIRAMUTA;8;8;8;8;8;8;8;8;8;8
293135 TEIXEIRA DE FREITAS;3;3;3;3;3;3;3;3;3;3
293140 TEODORO SAMPAIO;2;2;2;2;2;2;2;2;2;2
293170 TERRA NOVA;-;-;-;-;-;-;-;-;-;2
293180 TREMEDAL;4;4;4;4;4;4;4;4;4;4
293200 UAUA;7;7;7;7;7;7;7;7;7;7
293210 UBAIRA;3;3;3;3;3;3;3;3;3;3
293250 UNA;1;1;1;1;1;1;1;1;1;1
293300 VALENTE;1;1;1;1;1;1;1;1;1;1
293315 VARZEA NOVA;4;4;4;4;4;4;4;4;4;4
293325 VEREDA;1;1;1;1;1;1;1;1;1;1
293345 WANDERLEY;5;5;5;5;5;5;5;5;5;5
310130 ALAGOA;2;2;2;2;2;2;2;2;2;2
310160 ALFENAS;2;2;2;2;2;2;2;2;2;2
310300 ANTONIO DIAS;2;2;2;2;2;2;2;2;2;2
310350 ARAGUARI;2;2;2;2;2;2;2;2;2;2
310360 ARANTINA;2;2;2;2;2;2;2;2;2;2
310380 ARAPUA;4;4;4;4;4;4;4;4;4;4
310390 ARAUJOS;5;5;5;5;5;5;5;5;5;5
310400 ARAXA;10;10;10;10;10;10;10;10;10;10
310560 BARBACENA;8;8;8;8;8;8;8;8;8;8
310620 BELO HORIZONTE;33;33;33;33;33;33;33;33;33;33
310640 BELO VALE;7;7;7;7;7;7;7;7;7;7
310660 BERTOPOLIS;1;1;1;1;1;1;1;1;1;1
310670 BETIM;5;5;5;5;5;5;5;5;5;5
310710 BOA ESPERANCA;1;1;1;1;1;1;1;1;1;1
310740 BOM DESPACHO;2;2;2;2;2;2;2;2;2;2
310770 BOM JESUS DO AMPARO;1;1;1;1;1;1;1;1;1;1
310790 BOM REPOUSO;1;1;1;1;1;1;1;1;1;1
310810 BONFIM;2;2;2;2;2;2;2;2;2;2
310820 BONFINOPOLIS DE MINAS;-;-;-;-;-;-;-;-;1;1
310830 BORDA DA MATA;1;1;1;1;1;1;1;1;1;1
310840 BOTELHOS;1;1;1;1;1;1;1;1;1;1
310860 BRASILIA DE MINAS;2;2;2;2;2;2;2;2;2;2
310920 BUENOPOLIS;2;2;2;2;2;2;2;2;2;2
310950 CABO VERDE;1;1;1;1;1;1;1;1;1;1
310990 CAETANOPOLIS;-;3;3;3;3;3;3;3;3;3
311050 CAMANDUCAIA;1;1;1;1;1;1;1;1;1;1
311110 CAMPINA VERDE;4;4;4;4;4;4;4;4;4;4
311130 CAMPO DO MEIO;1;1;1;1;1;1;1;1;1;1
311200 CANDEIAS;1;1;1;1;1;1;1;1;1;1
311210 CAPARAO;3;3;3;3;3;3;3;3;3;3
311330 CARANGOLA;1;1;1;1;1;1;1;1;1;1
311340 CARATINGA;1;1;1;1;1;1;1;1;1;1
311380 CARMESIA;4;4;4;4;4;4;4;4;4;4
311430 CARMO DO PARANAIBA;4;4;4;4;4;4;4;4;4;4
311455 CARNEIRINHO;2;2;2;2;2;2;2;2;2;2
311460 CARRANCAS;3;3;3;3;3;3;3;3;3;3
311520 CONCEICAO DA BARRA DE MINAS;3;3;3;3;3;3;3;3;3;3
311530 CATAGUASES;1;1;1;1;1;1;1;1;1;1
311580 CENTRALINA;4;4;4;4;4;4;4;4;4;4
311610 CHAPADA DO NORTE;7;7;7;7;7;7;7;7;7;7
311615 CHAPADA GAUCHA;4;4;4;4;4;4;4;4;4;4
311630 CIPOTANEA;2;2;2;2;2;2;2;2;2;2
311650 CLARO DOS POCOES;1;1;1;1;1;1;1;1;1;1
311750 CONCEICAO DO MATO DENTRO;2;2;2;2;2;2;2;2;2;2
311787 CONFINS;1;1;1;1;1;1;1;1;1;1
311810 CONGONHAS DO NORTE;4;4;4;4;4;4;4;4;4;4
311830 CONSELHEIRO LAFAIETE;4;4;4;4;4;4;4;4;4;4
311860 CONTAGEM;19;19;19;19;19;19;19;19;19;19
311870 COQUEIRAL;3;3;3;3;3;3;3;3;3;3
311920 COROACI;9;9;9;9;9;9;9;9;9;9
311940 CORONEL FABRICIANO;3;3;3;3;3;3;3;3;3;3
311950 CORONEL MURTA;6;6;6;6;6;6;6;6;6;6
311995 CORREGO FUNDO;3;3;3;3;3;3;3;3;3;3
312020 CRISTAIS;3;3;3;3;3;3;3;3;3;3
312030 CRISTALIA;1;1;1;1;1;1;1;1;1;1
312070 CRUZEIRO DA FORTALEZA;2;2;2;2;2;2;2;2;2;2
312090 CURVELO;5;5;5;5;5;5;5;5;5;5
312120 DELFINOPOLIS;3;3;3;3;3;3;3;3;3;3
312190 DIVINESIA;2;2;2;2;2;2;2;2;2;2
312230 DIVINOPOLIS;8;8;8;8;8;8;8;8;8;8
312245 DIVISOPOLIS;2;2;2;2;2;2;2;2;2;2
312340 DORESOPOLIS;2;2;2;2;2;2;2;2;2;2
312490 EUGENOPOLIS;1;1;1;1;1;1;1;1;1;1
312510 EXTREMA;7;7;7;7;7;7;7;7;7;7
312550 SAO GONCALO DO RIO PRETO;4;4;4;4;4;4;4;4;4;4
312570 FELIXLANDIA;2;2;2;2;2;2;2;2;2;2
312600 FLORESTAL;9;9;9;9;9;9;9;9;9;9
312610 FORMIGA;4;4;4;4;4;4;4;4;4;4
312620 FORMOSO;3;3;3;3;3;3;3;3;3;3
312630 FORTALEZA DE MINAS;3;3;3;3;3;3;3;3;3;3
312650 FRANCISCO BADARO;4;4;4;4;4;4;4;4;4;4
312690 FREI INOCENCIO;1;1;1;1;1;1;1;1;1;1
312700 FRONTEIRA;3;3;3;3;3;3;3;3;3;3
312730 GALILEIA;3;3;3;3;3;3;3;3;3;3
312760 GOUVEIA;2;2;2;2;2;2;2;2;2;2
312770 GOVERNADOR VALADARES;43;43;43;43;43;43;43;43;43;42
312780 GRAO MOGOL;1;1;1;1;1;1;1;1;1;1
312900 GUIRICEMA;2;2;2;2;2;2;2;2;2;2
312950 IBIA;1;1;1;1;1;1;1;1;1;1
312980 IBIRITE;1;1;1;1;1;1;1;1;1;1
313020 IGARATINGA;2;2;2;2;2;2;2;2;2;2
313050 ILICINEA;2;2;2;2;2;2;2;2;2;2
313100 INHAUMA;3;3;3;3;3;3;3;3;3;3
313115 IPABA;3;3;3;3;3;3;3;3;3;3
313120 IPANEMA;6;6;6;6;6;6;6;6;6;6
313130 IPATINGA;3;3;3;3;3;3;3;3;3;3
313170 ITABIRA;1;1;1;1;1;1;1;2;2;2
313380 ITAUNA;2;2;2;2;2;2;2;2;2;2
313420 ITUIUTABA;8;8;8;8;8;8;8;8;8;8
313450 ITUTINGA;3;3;3;3;3;3;3;3;3;3
313510 JANAUBA;6;6;6;6;6;6;6;6;6;6
313550 JEQUERI;3;3;3;3;3;3;3;3;3;3
313560 JEQUITAI;2;2;2;2;2;2;2;2;2;2
313630 JOAO PINHEIRO;5;5;5;5;5;5;5;5;5;5
313657 JOSENOPOLIS;2;2;2;2;2;2;2;2;2;2
313665 JUATUBA;3;3;3;3;3;3;3;3;3;3
313670 JUIZ DE FORA;6;6;6;6;6;6;6;6;6;6
313720 LAGOA DA PRATA;4;4;4;4;4;4;1;1;1;1
313730 LAGOA DOS PATOS;6;6;6;6;6;6;6;6;6;6
313740 LAGOA DOURADA;3;3;3;3;3;3;3;3;3;3
313750 LAGOA FORMOSA;3;3;3;3;3;3;3;3;3;3
313753 LAGOA GRANDE;3;3;3;3;3;3;3;3;3;3
313760 LAGOA SANTA;7;7;7;7;7;7;7;7;7;7
313820 LAVRAS;3;3;3;3;3;3;3;3;3;3
313860 LIMA DUARTE;4;4;4;4;4;4;4;4;4;4
313862 LIMEIRA DO OESTE;3;3;3;3;3;3;3;3;3;3
313930 MANGA;3;3;3;3;3;3;3;3;3;3
313960 MANTENA;6;6;6;6;6;6;6;6;6;6
314000 MARIANA;2;2;2;2;2;2;2;2;2;2
314080 MATIAS BARBOSA;3;3;3;3;3;3;3;3;3;3
314100 MATO VERDE;7;7;7;7;7;7;7;7;7;7
314190 MINDURI;1;1;1;1;1;1;1;1;1;1
314210 MIRADOURO;1;1;1;1;1;1;1;1;1;1
314260 MONSENHOR PAULO;1;1;1;1;1;1;1;1;1;1
314330 MONTES CLAROS;15;15;15;15;15;15;15;15;15;12
314465 NINHEIRA;1;1;1;1;1;1;1;1;1;1
314480 NOVA LIMA;12;12;12;12;12;12;12;12;12;12
314520 NOVA SERRANA;-;5;5;5;5;5;5;5;5;5
314560 OLIVEIRA;7;7;7;7;7;7;7;7;7;7
314610 OURO PRETO;6;6;6;6;6;6;6;6;6;6
314625 PADRE CARVALHO;4;4;4;4;4;4;4;4;4;4
314710 PARA DE MINAS;12;12;12;12;12;12;12;12;12;4
314790 PASSOS;11;11;11;11;11;11;11;11;11;11
314810 PATROCINIO;12;12;12;12;12;12;12;12;12;12
314915 PEDRAS DE MARIA DA CRUZ;2;2;2;2;2;2;2;2;2;2
314930 PEDRO LEOPOLDO;6;6;6;6;6;6;6;6;6;6
315120 PIRAPORA;4;4;4;4;4;4;4;4;4;4
315180 POCOS DE CALDAS;12;12;12;12;12;12;12;12;12;12
315210 PONTE NOVA;3;3;3;3;3;3;3;3;3;3
315250 POUSO ALEGRE;2;2;2;2;2;2;2;2;2;2
315280 PRATA;3;3;3;3;3;3;3;3;3;3
315340 PRESIDENTE OLEGARIO;2;2;2;2;2;2;2;2;2;2
315360 PRUDENTE DE MORAIS;3;3;3;3;3;3;3;3;3;3
315445 RIACHINHO;3;3;3;3;3;3;3;3;3;3
315650 RUBELITA;3;3;3;3;3;3;3;3;3;3
315690 SACRAMENTO;1;1;1;1;1;1;1;1;1;1
315737 SANTA CRUZ DE SALINAS;1;1;1;1;1;1;1;1;1;1
315780 SANTA LUZIA;8;8;8;8;8;8;8;8;8;8
315850 SANTANA DE PIRAPAMA;2;2;2;2;2;2;2;2;2;2
315870 SANTANA DO GARAMBEU;3;3;3;3;3;3;3;3;3;3
315960 SANTA RITA DO SAPUCAI;2;2;2;2;2;2;2;2;2;2
315980 SANTA VITORIA;6;6;6;6;6;6;6;6;6;6
316040 SANTO ANTONIO DO MONTE;5;5;5;5;5;5;5;5;5;5
316070 SANTOS DUMONT;2;2;2;2;2;2;2;2;2;2
316095 SAO DOMINGOS DAS DORES;1;1;1;1;1;1;1;1;1;1
316150 SAO GERALDO;4;4;4;4;4;4;4;4;4;4
316190 SAO GONCALO DO RIO ABAIXO;2;2;2;2;2;2;2;2;2;2
316250 SAO JOAO DEL REI;1;1;1;1;1;1;1;1;1;1
316294 SAO JOSE DA BARRA;2;2;2;2;2;2;2;2;2;2
316295 SAO JOSE DA LAPA;2;2;2;2;2;2;2;2;2;2
316330 SAO JOSE DO DIVINO;4;4;4;4;4;4;4;4;4;4
316340 SAO JOSE DO GOIABAL;3;3;3;3;3;3;3;3;3;3
316370 SAO LOURENCO;2;2;2;2;2;2;2;2;2;2
316470 SAO SEBASTIAO DO PARAISO;1;1;1;1;1;1;1;1;1;1
316500 SAO TIAGO;1;1;1;1;1;1;1;1;1;1
316553 SARZEDO;1;1;1;1;1;1;1;1;1;1
316600 SENHORA DE OLIVEIRA;2;2;2;2;2;2;2;2;2;2
316680 SERRA DO SALITRE;2;2;2;2;2;2;2;2;2;2
316720 SETE LAGOAS;9;9;9;9;9;9;9;9;9;9
316800 TAIOBEIRAS;1;1;1;1;1;1;1;1;1;1
316830 TAQUARACU DE MINAS;2;2;2;2;2;2;2;2;-;-
316850 TEIXEIRAS;1;1;1;1;1;1;1;1;1;1
316860 TEOFILO OTONI;5;5;5;5;5;5;5;5;5;5
316870 TIMOTEO;10;10;10;10;10;10;10;10;10;10
316900 TOCANTINS;2;2;2;2;2;2;2;2;2;2
316930 TRES CORACOES;2;2;2;2;2;2;2;2;2;2
316935 TRES MARIAS;3;3;3;3;3;3;3;3;3;3
316990 UBA;8;8;8;8;8;8;8;8;8;8
317010 UBERABA;5;5;5;5;5;5;5;5;5;5
317020 UBERLANDIA;7;7;7;7;7;7;7;7;7;7
317040 UNAI;6;6;6;6;6;6;6;6;6;6
317070 VARGINHA;2;2;2;2;2;2;2;2;2;2
317080 VARZEA DA PALMA;6;6;6;6;6;6;6;6;6;6
317120 VESPASIANO;9;9;9;9;9;9;9;9;9;9
317130 VICOSA;1;1;1;1;1;1;1;1;1;1
317190 VIRGOLANDIA;3;3;3;3;3;3;3;3;3;3
317210 VOLTA GRANDE;3;3;3;3;3;3;3;3;3;3
320035 ALTO RIO NOVO;2;2;2;2;2;2;2;2;2;2
320060 ARACRUZ;10;10;10;10;10;10;10;10;10;10
320080 BAIXO GUANDU;2;2;2;2;2;2;2;2;2;2
320090 BARRA DE SAO FRANCISCO;12;12;12;12;12;12;12;12;12;12
320115 BREJETUBA;5;5;5;5;5;5;5;5;5;5
320120 CACHOEIRO DE ITAPEMIRIM;11;11;11;11;11;11;11;11;11;11
320130 CARIACICA;2;2;2;2;2;2;2;2;2;2
320150 COLATINA;8;8;8;8;8;8;8;8;8;8
320240 GUARAPARI;4;4;4;4;4;4;4;4;4;4
320245 IBATIBA;2;2;2;2;2;2;2;2;2;2
320335 MARILANDIA;4;4;4;4;4;4;4;4;4;4
320340 MIMOSO DO SUL;1;1;1;1;1;1;1;1;1;1
320380 MUQUI;2;2;2;2;2;2;2;2;2;2
320405 PEDRO CANARIO;2;2;2;2;2;2;2;2;2;2
320430 PRESIDENTE KENNEDY;2;2;2;2;2;2;2;2;2;2
320460 SANTA TERESA;1;1;1;1;1;1;1;1;1;1
320490 SAO MATEUS;1;1;1;1;1;1;1;1;1;1
320500 SERRA;4;4;4;4;4;4;4;4;2;2
320501 SOORETAMA;3;3;3;3;3;3;3;3;3;3
320520 VILA VELHA;4;4;4;4;4;4;4;4;4;4
320530 VITORIA;2;2;2;2;2;2;2;2;2;2
330020 ARARUAMA;4;4;4;4;4;4;4;4;4;4
330040 BARRA MANSA;4;4;4;4;4;4;4;4;4;4
330045 BELFORD ROXO;10;10;10;10;10;10;10;10;10;10
330060 BOM JESUS DO ITABAPOANA;3;3;3;3;3;3;3;3;3;3
330070 CABO FRIO;14;14;14;14;14;14;14;14;14;14
330100 CAMPOS DOS GOYTACAZES;10;10;10;10;10;10;10;10;10;10
330130 CASIMIRO DE ABREU;1;1;1;1;1;1;1;1;1;1
330185 GUAPIMIRIM;3;3;3;3;3;3;3;3;3;3
330190 ITABORAI;5;5;5;5;5;5;5;5;5;5
330200 ITAGUAI;4;4;3;3;3;3;3;3;3;3
330205 ITALVA;4;4;4;4;4;4;4;4;4;4
330220 ITAPERUNA;2;2;2;2;2;2;2;2;2;2
330227 JAPERI;2;2;2;2;2;2;2;2;2;2
330240 MACAE;2;2;2;2;2;2;2;2;2;2
330250 MAGE;3;3;3;3;3;3;3;3;3;3
330260 MANGARATIBA;3;3;3;3;3;3;3;3;3;3
330270 MARICA;1;1;1;1;1;1;1;1;1;1
330330 NITEROI;3;3;3;2;3;3;3;3;1;1
330340 NOVA FRIBURGO;4;4;4;4;4;4;4;5;5;5
330350 NOVA IGUACU;9;9;9;9;9;9;9;9;9;9
330360 PARACAMBI;4;4;4;4;4;4;4;4;4;4
330390 PETROPOLIS;4;4;4;4;4;4;4;4;4;4
330414 QUEIMADOS;36;36;36;36;36;36;36;36;36;36
330415 QUISSAMA;1;1;1;1;1;1;1;1;1;1
330455 RIO DE JANEIRO;33;33;33;33;33;33;33;33;33;33
330470 SANTO ANTONIO DE PADUA;1;1;1;1;1;1;1;1;1;1
330480 SAO FIDELIS;2;2;2;2;2;2;2;2;2;2
330490 SAO GONCALO;5;9;9;9;9;9;9;9;9;9
330550 SAQUAREMA;7;7;7;7;7;7;7;7;7;7
330555 SEROPEDICA;1;1;1;1;1;1;1;1;1;1
330580 TERESOPOLIS;3;3;3;3;3;3;3;3;3;3
330615 VARRE-SAI;3;3;3;3;3;3;3;3;3;3
330620 VASSOURAS;1;1;1;1;1;1;1;1;1;1
330630 VOLTA REDONDA;3;3;3;3;3;3;3;3;3;3
350040 AGUAS DA PRATA;1;1;1;1;1;1;1;1;1;1
350060 AGUAS DE SAO PEDRO;2;2;2;2;2;2;2;2;2;2
350160 AMERICANA;1;1;1;1;1;1;1;1;1;1
350210 ANDRADINA;3;3;3;3;3;3;3;3;3;3
350250 APARECIDA;5;5;5;5;5;5;5;5;5;5
350280 ARACATUBA;1;1;1;1;1;1;1;1;1;1
350330 ARARAS;4;4;4;4;4;4;4;4;4;4
350380 ARTUR NOGUEIRA;2;2;2;2;2;2;2;2;2;2
350390 ARUJA;8;8;8;8;8;8;8;8;8;8
350400 ASSIS;10;10;10;10;10;10;10;10;10;10
350550 BARRETOS;7;7;7;7;7;7;7;7;7;7
350570 BARUERI;2;2;2;2;2;2;2;2;2;2
350600 BAURU;4;4;4;4;4;4;4;4;4;4
350610 BEBEDOURO;2;2;2;2;2;2;2;2;2;2
350635 BERTIOGA;2;2;2;2;2;2;2;2;2;2
350690 BOFETE;4;4;4;4;4;4;4;4;4;4
350730 BORACEIA;3;3;3;3;3;3;3;3;3;3
350750 BOTUCATU;6;6;6;6;6;6;6;6;6;6
350760 BRAGANCA PAULISTA;3;3;3;3;3;3;3;3;3;3
350770 BRAUNA;3;3;3;3;3;3;3;3;3;3
350840 CABREUVA;2;2;2;2;2;2;2;2;2;2
350850 CACAPAVA;-;-;-;-;15;15;15;15;15;15
350900 CAIEIRAS;4;4;4;4;4;4;4;4;4;4
350920 CAJAMAR;5;3;3;3;3;3;3;3;3;3
350950 CAMPINAS;20;21;22;22;22;22;22;22;22;22
350970 CAMPOS DO JORDAO;1;1;1;1;1;1;1;1;1;1
351050 CARAGUATATUBA;6;6;6;6;6;6;6;6;6;6
351110 CATANDUVA;2;2;2;2;2;2;2;2;2;2
351240 CORDEIROPOLIS;2;2;2;2;2;2;2;2;2;2
351260 CORONEL MACEDO;3;3;3;3;3;3;3;3;3;3
351300 COTIA;6;6;13;13;13;13;13;13;13;13
351320 CRISTAIS PAULISTA;4;4;4;4;4;4;4;4;4;4
351380 DIADEMA;9;9;9;9;9;9;9;9;9;9
351385 DIRCE REIS;1;1;1;1;1;1;1;1;1;1
351460 DUMONT;4;4;4;4;4;4;4;4;4;4
351470 ECHAPORA;2;2;2;2;2;2;2;2;2;2
351490 ELIAS FAUSTO;3;3;3;3;3;3;3;3;3;3
351512 EMILIANOPOLIS;2;2;2;2;2;2;2;2;2;2
351620 FRANCA;4;4;4;4;6;6;6;6;6;6
351630 FRANCISCO MORATO;5;5;5;5;5;5;5;5;5;5
351810 GUARANTA;1;1;1;1;1;1;1;1;1;1
351870 GUARUJA;8;8;8;8;8;8;8;8;8;8
351880 GUARULHOS;7;7;7;7;7;7;7;7;7;7
351950 IBIRAREMA;6;6;6;6;6;6;6;6;6;6
352050 INDAIATUBA;10;10;10;10;10;10;10;10;10;10
352110 IPEUNA;9;9;9;9;9;9;9;9;9;9
352210 ITANHAEM;8;8;8;8;8;8;8;8;8;8
352230 ITAPETININGA;2;2;2;2;2;2;2;2;2;2
352240 ITAPEVA;2;2;2;2;2;2;2;2;2;2
352250 ITAPEVI;2;2;2;2;2;2;2;2;2;2
352280 ITAPORANGA;1;1;1;1;1;1;1;1;1;1
352310 ITAQUAQUECETUBA;3;3;3;3;3;3;3;3;3;3
352340 ITATIBA;5;5;5;5;5;5;5;5;5;5
352380 ITOBI;3;3;3;3;3;3;3;3;3;3
352390 ITU;11;11;11;11;11;11;11;11;11;11
352400 ITUPEVA;2;2;2;2;2;2;2;2;2;2
352440 JACAREI;3;3;3;3;3;3;3;3;3;3
352500 JANDIRA;2;2;2;2;2;2;2;2;2;2
352530 JAU;8;8;8;8;8;8;8;8;8;8
352590 JUNDIAI;10;5;5;5;5;5;5;5;5;5
352640 LARANJAL PAULISTA;1;1;1;1;1;1;1;1;1;1
352660 LAVRINHAS;1;1;1;1;1;1;1;1;1;1
352670 LEME;1;1;1;1;1;1;1;1;1;1
352680 LENCOIS PAULISTA;6;6;6;6;6;6;6;6;6;6
352690 LIMEIRA;1;1;1;1;1;1;1;1;1;1
352710 LINS;1;1;1;1;1;1;1;1;1;1
352720 LORENA;2;2;2;2;2;2;2;2;2;2
352900 MARILIA;12;12;12;12;12;12;12;12;12;12
352930 MATAO;2;2;2;2;-;-;-;-;-;-
352940 MAUA;11;11;11;11;11;11;11;11;11;11
352950 MENDONCA;2;2;2;2;2;2;2;2;2;2
353030 MIRASSOL;3;3;3;3;3;3;3;3;3;3
353060 MOGI DAS CRUZES;6;6;6;6;6;6;6;6;6;6
353070 MOGI GUACU;2;2;2;2;2;2;2;2;2;2
353080 MOGI MIRIM;3;3;3;3;3;3;3;3;7;7
353090 MOMBUCA;6;6;6;6;6;6;6;6;6;6
353130 MONTE ALTO;4;4;4;4;4;4;4;4;4;4
353180 MONTE MOR;2;2;2;2;2;2;2;2;2;2
353190 MORRO AGUDO;4;4;4;4;4;4;4;4;4;4
353350 NOVO HORIZONTE;1;1;1;1;1;1;1;1;1;1
353360 NUPORANGA;3;3;3;3;3;3;3;3;3;3
353440 OSASCO;11;11;11;11;11;11;11;11;11;11
353450 OSCAR BRESSANE;2;2;2;2;2;2;2;2;2;2
353460 OSVALDO CRUZ;1;1;1;1;1;1;1;1;1;1
353470 OURINHOS;4;4;4;4;4;4;4;4;4;4
353630 PATROCINIO PAULISTA;3;3;3;3;3;3;3;3;3;3
353650 PAULINIA;2;2;2;2;2;2;2;2;2;2
353660 PAULO DE FARIA;1;1;1;1;1;1;1;1;1;1
353760 PERUIBE;3;3;3;3;3;3;3;3;3;3
353800 PINDAMONHANGABA;9;9;9;9;9;9;9;9;9;9
353870 PIRACICABA;6;6;6;6;6;6;6;6;6;6
353930 PIRASSUNUNGA;1;1;1;1;1;1;1;1;1;1
354070 PORTO FERREIRA;1;1;1;1;1;1;1;1;1;1
354100 PRAIA GRANDE;7;7;7;7;7;7;7;7;7;7
354140 PRESIDENTE PRUDENTE;4;4;4;4;4;4;4;4;4;4
354170 QUATA;3;3;3;3;3;3;3;3;3;3
354230 REDENCAO DA SERRA;2;2;2;2;2;2;2;2;2;2
354260 REGISTRO;2;2;2;2;2;2;2;2;2;2
354330 RIBEIRAO PIRES;1;1;1;1;1;1;1;1;1;1
354340 RIBEIRAO PRETO;8;8;16;16;16;16;16;16;16;16
354350 RIVERSUL;4;4;4;4;4;4;4;4;4;4
354360 RIFAINA;1;1;1;1;1;1;1;1;1;1
354370 RINCAO;1;1;1;1;1;1;1;1;1;1
354390 RIO CLARO;-;-;2;2;2;2;2;2;2;2
354515 SALTINHO;2;2;2;2;2;2;2;2;2;2
354520 SALTO;2;2;2;2;2;2;2;2;2;2
354580 SANTA BARBARA D'OESTE;3;3;3;3;3;3;3;3;3;3
354640 SANTA CRUZ DO RIO PARDO;3;3;3;3;3;3;3;3;3;3
354710 SANTA MERCEDES;1;1;1;1;1;1;1;1;1;1
354780 SANTO ANDRE;11;11;11;11;11;11;11;11;11;11
354810 SANTO ANTONIO DO JARDIM;2;2;2;2;2;2;2;2;2;2
354820 SANTO ANTONIO DO PINHAL;2;2;2;2;2;2;2;2;2;2
354850 SANTOS;24;24;24;24;24;24;24;24;24;24
354870 SAO BERNARDO DO CAMPO;2;2;2;2;2;2;2;2;2;2
354880 SAO CAETANO DO SUL;4;4;4;4;4;4;4;4;4;4
354890 SAO CARLOS;2;2;2;2;2;2;2;2;2;2
354910 SAO JOAO DA BOA VISTA;1;1;1;1;1;1;1;1;1;1
354930 SAO JOAO DO PAU D'ALHO;4;4;4;4;4;4;4;4;4;4
354940 SAO JOAQUIM DA BARRA;2;2;2;2;2;2;2;2;2;2
354980 SAO JOSE DO RIO PRETO;6;6;6;6;6;6;6;6;6;6
354990 SAO JOSE DOS CAMPOS;18;18;18;18;18;18;18;18;18;18
354995 SAO LOURENCO DA SERRA;4;4;4;4;4;4;4;4;4;4
355010 SAO MANUEL;-;-;-;-;-;-;-;2;2;2
355030 SAO PAULO;149;149;152;152;152;153;152;145;152;150
355060 SAO ROQUE;3;3;3;3;3;3;3;3;3;3
355100 SAO VICENTE;6;6;6;6;6;6;6;6;6;6
355110 SARAPUI;1;1;1;1;1;1;1;1;1;1
355150 SERRANA;4;4;4;4;4;4;4;4;4;4
355170 SERTAOZINHO;3;3;3;3;3;3;3;3;3;3
355220 SOROCABA;2;2;2;2;2;2;2;2;2;2
355240 SUMARE;2;2;2;2;2;2;2;2;2;2
355250 SUZANO;11;11;11;11;11;11;11;11;11;11
355280 TABOAO DA SERRA;8;8;12;12;12;12;12;12;12;12
355395 TARUMA;5;5;5;5;5;5;5;5;5;5
355410 TAUBATE;10;10;10;10;10;10;10;10;10;10
355480 TREMEMBE;6;6;6;6;6;6;6;6;6;6
355500 TUPA;5;5;5;5;5;5;5;5;5;5
355550 UBIRAJARA;2;2;2;2;2;2;2;2;2;2
355620 VALINHOS;6;6;6;6;6;6;6;6;6;6
355645 VARGEM GRANDE PAULISTA;1;1;1;1;1;1;1;1;1;1
355670 VINHEDO;1;1;1;1;1;-;-;-;-;-
355710 VOTUPORANGA;7;7;7;7;7;7;7;7;7;7
410140 APUCARANA;4;4;4;4;4;4;4;4;6;6
410180 ARAUCARIA;1;1;1;1;1;1;1;1;1;1
410200 ASSIS CHATEAUBRIAND;2;2;2;2;2;2;2;2;2;2
410220 ATALAIA;1;1;1;1;1;1;1;1;1;1
410230 BALSA NOVA;1;1;1;1;1;1;1;1;1;1
410240 BANDEIRANTES;2;2;2;2;2;2;2;2;2;2
410305 BOA VISTA DA APARECIDA;3;3;3;3;3;3;3;3;3;3
410345 CAFELANDIA;2;2;2;2;2;2;2;2;2;2
410400 CAMPINA GRANDE DO SUL;3;3;3;3;3;3;3;3;3;3
410430 CAMPO MOURAO;9;9;9;9;9;9;9;9;9;9
410480 CASCAVEL;43;41;41;41;41;41;41;41;41;41
410490 CASTRO;6;6;6;6;6;6;6;6;6;6
410500 CATANDUVAS;4;4;4;4;4;4;4;4;4;4
410550 CIANORTE;2;2;2;2;2;2;2;2;2;2
410600 CONGONHINHAS;-;-;-;-;-;4;4;4;4;4
410610 CONSELHEIRO MAIRINCK;1;1;1;1;1;1;1;1;1;1
410650 CORONEL VIVIDA;2;2;2;2;2;2;2;2;2;2
410690 CURITIBA;13;13;13;12;12;12;12;12;12;12
410725 DOURADINA;1;1;1;1;1;1;1;1;1;1
410730 DOUTOR CAMARGO;1;1;1;1;1;1;1;1;1;1
410753 ENTRE RIOS DO OESTE;1;1;1;1;1;1;1;1;1;1
410765 FAZENDA RIO GRANDE;-;-;6;6;6;6;6;6;6;6
410830 FOZ DO IGUACU;10;10;10;10;8;8;10;10;10;10
410832 FRANCISCO ALVES;3;3;3;3;3;3;3;3;3;3
410840 FRANCISCO BELTRAO;6;6;6;6;6;6;6;6;6;6
410880 GUAIRA;1;1;1;1;1;1;1;1;1;1
410920 GUARACI;2;2;2;2;2;2;2;2;2;2
410940 GUARAPUAVA;5;5;5;5;5;5;5;5;5;5
411010 IMBITUVA;-;-;-;-;-;1;1;1;1;1
411050 IPIRANGA;3;3;3;3;3;3;3;3;3;3
411100 ITAMBARACA;-;-;-;-;-;-;-;-;1;1
411110 ITAMBE;1;1;1;1;1;1;1;1;1;1
411160 IVATUBA;2;2;2;2;2;2;2;2;2;2
411180 JACAREZINHO;1;1;1;1;1;1;1;1;1;1
411210 JANDAIA DO SUL;2;2;2;2;2;2;2;2;2;2
411220 JANIOPOLIS;2;2;2;2;2;2;2;2;2;2
411350 LOANDA;1;1;1;1;1;1;1;1;1;1
411360 LOBATO;3;3;3;3;3;3;3;3;3;3
411370 LONDRINA;32;32;32;53;53;53;53;53;47;47
411440 MANGUEIRINHA;3;3;3;3;3;3;3;3;3;3
411460 MARECHAL CANDIDO RONDON;2;2;2;2;2;2;2;2;2;2
411520 MARINGA;23;23;23;23;23;23;23;23;23;23
411580 MEDIANEIRA;2;2;2;2;2;2;2;2;2;2
411630 MUNHOZ DE MELO;1;1;1;1;1;1;1;1;1;1
411730 ORTIGUEIRA;-;-;-;-;-;3;3;3;3;3
411740 OURIZONA;3;3;3;3;3;3;3;3;3;3
411760 PALMAS;3;3;3;3;3;3;3;3;3;3
411780 PALMITAL;3;3;3;3;3;3;3;3;3;3
411790 PALOTINA;4;4;4;4;4;4;4;4;4;4
411870 PAULO FRONTIN;1;1;1;1;1;1;1;1;1;1
411880 PEABIRU;2;2;2;2;2;2;2;2;2;2
411910 PIEN;3;3;3;3;3;3;3;3;3;3
411915 PINHAIS;1;1;1;1;1;1;1;1;1;1
411960 PITANGA;1;1;1;1;1;1;1;1;1;1
411990 PONTA GROSSA;3;3;3;3;3;3;3;3;3;3
412060 PRUDENTOPOLIS;2;2;2;2;2;2;2;2;2;2
412090 QUEDAS DO IGUACU;2;2;2;2;2;2;2;2;2;2
412120 QUITANDINHA;1;1;1;1;1;1;1;1;1;1
412140 REALEZA;1;1;1;1;1;1;1;1;1;1
412265 ROSARIO DO IVAI;1;1;1;1;1;1;1;1;1;1
412410 SANTO ANTONIO DA PLATINA;3;3;3;3;3;3;3;3;3;3
412480 SAO JOAO;4;4;4;4;4;4;4;4;4;4
412500 SAO JOAO DO IVAI;4;4;4;4;4;4;4;4;4;4
412560 SAO MATEUS DO SUL;1;1;1;1;1;1;1;1;1;1
412680 TAPEJARA;1;1;1;1;1;1;1;1;1;1
412710 TELEMACO BORBA;2;2;2;2;2;2;2;2;2;2
412770 TOLEDO;7;7;7;7;7;7;7;7;7;6
412810 UMUARAMA;12;12;12;12;12;12;12;12;12;12
412820 UNIAO DA VITORIA;3;3;3;3;3;3;3;3;3;3
412853 VENTANIA;2;2;2;2;2;2;2;2;2;2
412860 VERE;2;2;2;2;2;2;2;2;2;2
420070 ALFREDO WAGNER;3;3;3;3;3;3;3;3;3;3
420140 ARARANGUA;2;2;2;2;2;2;2;2;2;2
420200 BALNEARIO CAMBORIU;6;6;6;6;6;6;6;6;6;6
420240 BLUMENAU;6;6;6;6;6;6;6;6;6;6
420290 BRUSQUE;5;5;5;5;5;5;5;5;5;5
420320 CAMBORIU;1;1;1;1;1;1;1;1;1;1
420330 CAMPO ALEGRE;2;2;2;2;2;2;2;2;2;2
420380 CANOINHAS;2;2;2;2;2;2;2;2;2;2
420390 CAPINZAL;1;1;1;1;1;1;1;1;1;1
420395 CAPIVARI DE BAIXO;6;6;6;6;6;6;6;6;6;6
420420 CHAPECO;2;2;2;2;2;2;2;2;2;2
420430 CONCORDIA;3;3;3;3;3;3;3;3;3;3
420460 CRICIUMA;24;24;24;24;24;24;24;24;24;24
420480 CURITIBANOS;2;2;2;2;2;2;2;2;2;2
420540 FLORIANOPOLIS;10;10;16;17;17;19;19;19;19;19
420570 GAROPABA;6;6;6;6;6;6;6;3;3;3
420757 IOMERE;1;1;1;1;1;1;1;1;1;1
420820 ITAJAI;1;1;1;1;1;1;1;1;1;1
420830 ITAPEMA;6;6;6;6;6;6;6;6;2;2
420870 JACINTO MACHADO;1;1;1;1;1;1;1;1;1;1
420890 JARAGUA DO SUL;3;3;3;3;3;3;3;3;3;3
420900 JOACABA;1;1;1;1;1;1;1;1;1;1
420910 JOINVILLE;18;18;18;18;18;18;18;18;18;18
420930 LAGES;4;4;4;3;3;3;3;3;3;3
420950 LAURENTINO;1;1;1;1;1;1;1;1;1;1
421110 MONTE CASTELO;-;-;-;-;1;1;1;1;1;1
421160 NOVA VENEZA;12;12;12;12;12;12;12;12;12;12
421190 PALHOCA;3;3;3;3;3;3;3;3;3;3
421223 PARAISO;2;2;2;2;2;2;2;2;2;2
421250 PENHA;1;1;1;1;1;1;1;1;1;1
421320 POMERODE;2;2;2;2;2;2;2;2;2;2
421420 QUILOMBO;4;4;4;4;4;4;4;4;4;4
421470 RIO DOS CEDROS;2;2;2;2;2;2;2;2;2;2
421710 SAO MARTINHO;1;1;1;1;1;1;1;1;1;1
421725 SAO PEDRO DE ALCANTARA;1;1;1;1;1;1;1;1;1;1
421740 SCHROEDER;2;2;2;2;2;2;2;2;2;2
421780 TAIO;1;1;1;1;1;1;1;1;1;1
421800 TIJUCAS;1;1;1;1;1;1;1;1;1;1
421820 TIMBO;5;5;5;5;5;5;5;5;5;5
421825 TIMBO GRANDE;1;1;1;1;1;1;1;1;1;1
421840 TREZE DE MAIO;2;2;2;2;2;2;2;2;2;2
421870 TUBARAO;1;1;1;1;1;1;1;1;1;1
421880 TURVO;1;1;1;1;1;1;1;1;1;1
430040 ALEGRETE;3;3;3;3;3;3;3;3;3;3
430057 ALTO FELIZ;1;1;1;1;1;1;1;1;1;1
430120 ARROIO DO TIGRE;3;3;3;3;3;3;3;3;3;3
430200 BARROS CASSAL;4;4;4;4;4;4;4;4;4;4
430210 BENTO GONCALVES;4;4;4;4;4;4;4;4;4;4
430240 BOM RETIRO DO SUL;1;1;1;1;1;1;1;1;1;1
430300 CACHOEIRA DO SUL;3;3;3;3;3;3;3;3;3;3
430400 CAMPO NOVO;1;1;1;1;1;1;1;1;1;1
430460 CANOAS;2;2;2;2;2;2;2;2;2;2
430480 CARLOS BARBOSA;3;3;3;3;3;3;3;3;3;3
430510 CAXIAS DO SUL;33;33;33;33;33;33;33;33;33;33
430580 CONSTANTINA;3;3;3;3;3;3;3;3;3;3
430600 CRISSIUMAL;2;2;2;2;2;2;2;2;2;2
430610 CRUZ ALTA;1;1;1;1;1;1;1;1;1;1
430676 ELDORADO DO SUL;2;2;2;2;2;2;2;2;2;2
430710 HERVAL;1;1;1;1;1;1;1;1;1;1
430780 ESTRELA;1;1;1;1;1;1;1;1;1;1
430790 FARROUPILHA;19;13;13;13;13;13;13;13;13;13
430905 GLORINHA;1;1;1;1;1;1;1;1;1;1
430910 GRAMADO;1;1;1;1;1;1;1;1;1;1
430930 GUAIBA;3;3;3;3;3;3;3;3;-;-
430950 GUARANI DAS MISSOES;3;3;3;3;3;3;3;3;3;3
431120 JULIO DE CASTILHOS;1;1;1;1;1;1;1;1;1;1
431140 LAJEADO;1;1;1;1;1;1;1;1;1;1
431270 NONOAI;1;1;1;1;1;1;1;1;1;1
431290 NOVA BASSANO;2;2;2;2;2;2;2;2;2;2
431306 NOVA HARTZ;1;1;1;1;1;1;1;1;1;1
431340 NOVO HAMBURGO;7;7;7;7;7;7;7;7;7;7
431440 PELOTAS;16;16;16;16;15;15;15;15;15;15
431450 PINHEIRO MACHADO;3;3;3;3;3;3;3;3;3;3
431490 PORTO ALEGRE;7;7;7;7;7;7;7;7;7;7
431532 QUEVEDOS;1;1;1;1;1;1;1;1;1;1
431560 RIO GRANDE;1;1;1;1;1;1;1;1;1;1
431570 RIO PARDO;2;2;2;2;2;2;2;2;2;2
431575 RIOZINHO;3;3;3;3;3;3;3;3;3;3
431590 RODEIO BONITO;1;1;1;1;1;1;1;1;1;1
431680 SANTA CRUZ DO SUL;1;1;1;1;1;1;1;1;1;1
431690 SANTA MARIA;4;4;4;4;4;4;4;4;4;4
431695 SANTA MARIA DO HERVAL;4;4;4;4;4;4;4;4;4;4
431700 SANTANA DA BOA VISTA;5;5;5;5;5;5;5;5;5;5
431710 SANT'ANA DO LIVRAMENTO;1;1;1;1;1;1;1;1;1;1
431720 SANTA ROSA;3;3;3;3;3;3;3;3;3;3
431750 SANTO ANGELO;9;9;9;9;9;9;9;9;9;9
431760 SANTO ANTONIO DA PATRULHA;2;2;2;2;2;2;2;2;2;2
431800 SAO BORJA;4;4;4;4;4;4;4;4;4;4
431849 SAO JOSE DO INHACORA;2;2;2;2;2;2;2;2;2;2
431870 SAO LEOPOLDO;3;3;3;3;3;3;3;3;3;3
431880 SAO LOURENCO DO SUL;1;1;1;1;1;1;1;1;1;1
431970 SAO VALENTIM;1;1;1;1;1;1;1;1;1;1
432000 SAPUCAIA DO SUL;2;2;2;2;2;2;2;2;2;2
432020 SEBERI;4;4;4;4;4;4;4;4;4;4
432120 TAQUARA;1;1;1;1;1;1;1;3;3;3
432132 TAQUARUCU DO SUL;2;2;2;2;2;2;2;2;2;2
432143 TERRA DE AREIA;10;10;10;10;10;10;10;10;10;10
432150 TORRES;1;1;1;1;1;1;1;1;1;1
432185 TRES PALMEIRAS;4;4;4;4;4;4;4;4;4;4
432254 VALE REAL;2;2;2;2;2;2;2;2;2;1
432260 VENANCIO AIRES;2;2;2;2;2;2;2;2;2;2
432270 VERA CRUZ;1;1;1;1;1;1;1;1;1;1
432345 VILA NOVA DO SUL;2;2;2;2;2;2;2;2;2;2
500124 ARAL MOREIRA;2;2;2;2;2;2;2;2;2;2
500150 BANDEIRANTES;1;1;1;1;1;1;1;1;1;1
500210 BELA VISTA;3;3;3;3;3;3;3;3;3;3
500220 BONITO;3;3;3;3;3;3;3;3;3;3
500230 BRASILANDIA;4;4;4;4;4;4;4;4;4;4
500270 CAMPO GRANDE;8;8;8;8;8;8;8;8;8;8
500290 CASSILANDIA;1;1;1;1;1;1;1;1;1;1
500320 CORUMBA;1;1;1;1;1;1;1;1;1;1
500330 COXIM;3;3;3;3;3;3;3;3;3;3
500348 DOIS IRMAOS DO BURITI;3;3;3;3;3;3;3;3;3;3
500370 DOURADOS;4;4;4;4;4;4;4;4;4;4
500375 ELDORADO;1;1;1;1;1;1;1;1;1;1
500380 FATIMA DO SUL;1;1;1;1;1;1;1;1;1;1
500430 IGUATEMI;6;6;6;6;6;6;6;6;6;6
500450 ITAPORA;2;2;2;2;2;2;2;2;2;2
500515 JUTI;1;1;1;1;1;1;1;1;1;1
500560 MIRANDA;1;1;1;1;1;1;1;1;1;1
500620 NOVA ANDRADINA;1;1;1;1;1;1;1;1;1;1
500630 PARANAIBA;2;2;-;-;-;-;-;-;-;-
500720 RIO BRILHANTE;3;3;3;3;3;3;3;3;3;3
500770 SETE QUEDAS;1;1;1;1;1;1;1;1;1;1
500790 SIDROLANDIA;3;3;3;3;3;3;3;3;3;3
500830 TRES LAGOAS;11;11;11;11;11;11;11;11;11;11
510030 ALTO ARAGUAIA;4;4;4;4;4;4;4;4;4;4
510100 ARAGUAIANA;3;3;3;3;3;3;3;3;3;3
510160 BARAO DE MELGACO;1;1;1;1;1;1;1;1;1;1
510250 CACERES;2;2;2;2;2;2;2;2;2;2
510269 CANABRAVA DO NORTE;2;2;2;2;2;2;2;2;2;2
510305 CLAUDIA;5;5;5;5;5;5;5;5;5;5
510335 CONFRESA;1;1;1;1;1;1;1;1;1;1
510336 CONQUISTA D'OESTE;2;2;2;2;2;2;2;2;2;2
510340 CUIABA;9;8;8;10;10;10;10;10;10;10
510350 DIAMANTINO;4;4;4;4;4;4;4;4;4;4
510450 INDIAVAI;4;4;4;4;4;4;4;4;4;4
510490 JANGADA;1;1;1;1;1;1;1;1;1;1
510525 LUCAS DO RIO VERDE;15;15;15;15;15;15;15;15;15;15
510560 MATUPA;4;4;4;4;4;4;4;4;4;4
510620 NOVA BRASILANDIA;2;2;2;2;2;2;2;2;2;2
510622 NOVA MUTUM;11;11;11;11;11;11;11;11;14;14
510623 NOVA OLIMPIA;6;6;6;6;6;6;6;6;6;6
510630 PARANATINGA;13;13;13;13;13;13;13;13;13;13
510645 PLANALTO DA SERRA;1;1;1;1;1;1;1;1;1;1
510665 PONTAL DO ARAGUAIA;1;1;1;1;1;1;1;1;1;1
510704 PRIMAVERA DO LESTE;11;11;11;11;11;11;11;11;11;11
510730 SAO JOSE DO RIO CLARO;2;2;2;2;2;2;2;2;2;2
510735 SAO JOSE DO XINGU;1;1;1;1;1;1;1;1;1;1
510760 RONDONOPOLIS;6;12;12;12;12;12;12;12;12;12
510790 SINOP;2;2;2;2;2;2;2;2;2;2
510792 SORRISO;-;-;-;-;3;3;3;3;3;3
510840 VARZEA GRANDE;3;3;3;3;3;3;3;3;3;3
510850 VERA;3;3;3;3;3;3;3;3;3;3
510860 VILA RICA;3;3;3;3;3;3;3;3;3;3
510890 NOVA MARINGA;4;4;4;4;4;4;4;4;4;4
520013 ACREUNA;5;5;5;5;5;5;5;5;5;5
520025 AGUAS LINDAS DE GOIAS;6;6;6;6;6;6;6;6;6;6
520110 ANAPOLIS;1;1;1;1;1;1;1;1;1;1
520140 APARECIDA DE GOIANIA;6;6;6;6;6;6;6;6;6;6
520160 ARACU;4;4;4;4;4;4;4;4;4;4
520310 BALIZA;2;2;2;2;2;2;2;2;2;2
520330 BELA VISTA DE GOIAS;3;3;3;3;3;3;3;3;3;3
520350 BOM JESUS DE GOIAS;4;4;4;4;4;4;4;4;4;4
520357 BONOPOLIS;2;2;2;2;2;2;2;2;2;2
520360 BRAZABRANTES;2;2;2;2;2;2;2;2;2;2
520410 CACHOEIRA ALTA;4;4;4;4;4;4;4;4;4;4
520450 CALDAS NOVAS;7;7;7;7;7;7;7;7;7;7
520460 CAMPESTRE DE GOIAS;3;3;3;3;3;3;3;3;3;3
520490 CAMPOS BELOS;1;1;1;1;1;1;1;1;1;1
520520 CATURAI;7;7;7;7;7;7;7;7;7;7
520540 CERES;3;3;3;3;3;3;3;3;3;3
520545 CEZARINA;2;2;2;2;2;2;2;2;2;2
520552 COLINAS DO SUL;6;6;6;6;6;6;6;6;6;6
520620 CRISTALINA;2;2;2;2;2;2;2;2;2;2
520650 CROMINIA;3;3;3;3;3;3;3;3;3;3
520800 FORMOSA;2;2;2;2;2;2;2;2;2;2
520810 FORMOSO;5;5;5;5;5;5;5;5;5;5
520860 GOIANESIA;2;2;2;2;2;2;2;2;2;2
520870 GOIANIA;26;26;26;26;26;22;22;19;19;19
520880 GOIANIRA;6;6;6;6;6;6;6;6;6;6
520915 GOUVELANDIA;3;3;3;3;3;3;3;3;3;3
520920 GUAPO;4;4;4;4;4;4;4;4;4;4
520970 HIDROLANDIA;5;5;5;5;5;5;5;5;5;5
521020 IPORA;1;1;1;1;1;1;1;1;1;1
521130 ITARUMA;2;2;2;2;2;2;2;2;2;2
521140 ITAUCU;3;3;3;3;3;3;3;3;3;3
521150 ITUMBIARA;1;1;1;1;1;1;1;1;1;1
521190 JATAI;1;1;1;1;1;1;1;1;1;1
521280 MARA ROSA;7;7;7;7;7;7;7;7;7;7
521300 MAURILANDIA;1;1;1;1;1;1;1;1;1;1
521308 MINACU;2;2;2;2;2;2;2;2;2;2
521310 MINEIROS;12;12;12;12;12;12;12;12;12;12
521370 MONTES CLAROS DE GOIAS;1;1;1;1;1;1;1;1;1;1
521460 NIQUELANDIA;1;1;1;1;1;1;1;1;1;1
521550 OUVIDOR;2;2;2;2;2;2;2;2;2;2
521570 PALMEIRAS DE GOIAS;-;-;-;5;5;5;5;5;25;20
521580 PALMELO;2;2;2;2;2;2;2;2;2;2
521740 PIRES DO RIO;2;2;2;2;2;2;2;2;2;2
521760 PLANALTINA;2;2;2;2;2;2;2;2;2;2
521770 PONTALINA;2;2;2;2;2;2;2;2;2;2
521850 QUIRINOPOLIS;3;3;3;3;3;3;3;3;3;3
521860 RIALMA;1;1;1;1;1;1;1;1;1;1
521878 RIO QUENTE;2;2;2;2;2;2;2;2;2;2
521880 RIO VERDE;13;13;13;13;13;13;13;13;13;13
521910 SANTA BARBARA DE GOIAS;4;4;4;4;4;4;4;4;4;4
521950 SANTA ROSA DE GOIAS;3;3;3;3;3;3;3;3;3;3
521980 SAO DOMINGOS;4;4;4;4;4;4;4;4;4;4
521990 SAO FRANCISCO DE GOIAS;3;3;3;3;3;3;3;3;3;3
522015 SAO LUIZ DO NORTE;1;1;1;1;1;1;1;1;1;1
522119 TEREZOPOLIS DE GOIAS;2;2;2;2;2;2;2;2;2;2
522140 TRINDADE;2;2;-;-;-;-;-;-;-;-
522155 TURVELANDIA;4;4;4;4;4;4;4;4;4;4
522185 VALPARAISO DE GOIAS;1;1;1;1;1;1;1;1;1;1
522190 VARJAO;3;3;3;3;3;3;3;3;3;3
530010 BRASILIA;6;6;6;6;6;6;6;6;6;6
 ;;;;;;;;;;
